model_name,loss,perplexity,accuracy,rouge-1_r,rouge-1_p,rouge-1_f,rouge-2_r,rouge-2_p,rouge-2_f,rouge-l_r,rouge-l_p,rouge-l_f
Encoder-Decoder LSTM,0.0743820443749427,1.052909942015389,0.9905073642730712,0.9851534188882684,0.967791314984092,0.9763772069305388,0.9759466361049648,0.94646153678462,0.9609346073301775,0.9851534188882684,0.967791314984092,0.9763772069305388
GPT-2 Medium,10.379868507385254,32204.7265625,0.00953125,0.497471544679153,0.5265466190586023,0.5115013020298906,0.1769543900949877,0.1868987889031537,0.1817347298259835,0.3888662278959122,0.4111539644895145,0.3993791769483313
Facebook/BART-base,0.3937792479991913,1.4825732707977295,0.9208984375,0.9468766505347076,0.9548108608335324,0.9509627198974746,0.9114312029118358,0.9188992264672378,0.9152093838027202,0.9337740161718168,0.9415215814681496,0.9377553840850238
T5-small,22.296912651062012,4824211456.0,0.004140625,0.0189294489628268,0.04288250505494566,0.023984178275725195,0.0005700558142582217,0.0011365764373910494,0.0006913916670250918,0.011724279000924332,0.026785558832261913,0.014857218795111458
